выбросить	扔掉；抛弃	a2
масло	油；黄油	a1
запретить	禁止	b1
смена	换班；改变	a2
вывести	带出；得出；使离开	a2
мост	桥	a1
округ	行政区；区	b1
симпатичный	讨人喜欢的；帅的	a2
кусочек	一小块	a2
безумный	疯狂的；荒唐的	a2
представление	概念；演出；想法	b1
поиграть	玩一会儿	a2
фамилия	姓；姓氏	a1
улыбаться	微笑	a1
прочь	走开；离开	a2
страница	页；页面	a1
пробовать	尝试	a1
дерзить	顶撞；顶嘴	b2
травма	外伤；创伤	b1
испытывать	经历；感到	a2
кошка	母猫	a1
по-твоему	照你的说法；按你的方式	a2
неплохой	不错的	a1
издеваться	嘲弄；欺负	b1
достойный	值得的；应得的	b1
отпуск	休假	a2
французский	法国的；法语的	a2
пообещать	答应	a2
игрок	选手；玩家	a2
суббота	星期六	a1
сценарий	剧本	b1
спальня	卧室	a1
атака	进攻；攻击	b1
канал	频道；运河；水道	a2
впереди	在前面；前方	a2
реально	真的；实际上（口语）	a2
демон	恶魔；魔鬼	b1
пожениться	结婚	a2
зря	白白地；徒劳	a2
ручка	笔；把手	a1
бегать	跑；（不定向）奔跑	a1
труд	劳动；著作	b1
устройство	装置；结构；安排	b1
северный	北方的；北部的	a2
меняться	交换；改变；互换	a2
парк	公园	a1
руль	方向盘；舵	a2
создавать	创造；建立	a2
копия	副本；复制品	b1
сладкий	甜的	a1
сок	果汁	a1
наедине	单独地；私下	b1
ложиться	躺下；就寝	a2
отвалить	滚开（粗鲁口语）	b1
слеза	眼泪	a2
выступать	演出；发言	a2
мастер	师傅；能手	a2
пожар	火灾	a2
задача	任务；习题	a2
собрание	会议；集会	b1
организовать	组织	a2
перерыв	休息；中断	a2
предоставить	提供；给予	b1
направляться	前往；朝…去	b1
медленно	慢地	a1
извинение	道歉；歉意	a2
талант	才能；天赋	a2
четвёртый	第四	a1
развод	离婚	b1
поживать	生活；过得（怎样）	b1
изучать	研究；学习	a2
вред	害处；损害	a2
холодно	冷	a1
насилие	暴力	b1
выслушать	听完	a2
холодный	冷的	a1
множество	大量；许多	a2
ученик	学生	a1
участие	参加；参与	b1
парочка	一对；情侣	a2
сигарета	香烟	a2
жалкий	可怜的；卑劣的	b2
пирог	馅饼；大圆面包	a1
дикий	野生的；野蛮的	a2
внезапно	突然	a2
свинья	猪	a2
малышка	小宝贝；小姑娘（口语）	a2
партия	党；局（比赛）；一批	b1
чудесно	好极了；出色地	a2
маска	面具	a2
специально	特意；专门	a2
версия	版本；说法	b1
самоубийство	自杀	b1
наука	科学	a2
сумма	总数；金额	a2
обмануть	欺骗	a2
сжечь	烧毁	a2
живот	肚子；腹部	a1
строить	建造；建设	a2
направление	方向；路线	a2
творить	创造；创作	b1
кот	公猫	a1
реальность	现实；真实	b1
вновь	重新；又	a2
охотиться	打猎；捕猎	a2
пожелать	祝愿；希望	b1
потребоваться	需要；用得上	b1
дыра	洞；破洞	a2
ордер	令状；拘留令	b2
ворота	大门；球门	a2
предупреждать	警告；预先通知	a2
очки	眼镜	a1
приближаться	接近；靠近	a2
фургон	厢式货车	b1
совершать	犯（错）；完成	b1
мусор	垃圾	a1
выстрелить	开枪	a2
берег	岸；岸边	a1
догадаться	猜到；明白	a2
лишний	多余的	a2
родственник	亲戚	a2
взяться	着手做；抓住	a2
надоесть	使厌烦	a2
газ	气体；煤气	a2
концерт	音乐会	a2
отстать	落后；掉队	a2
толпа	人群	b1
крик	喊叫	a1
вор	小偷	a2
процент	百分比	a2
значить	意味着；意思是	a2
раскрыть	打开；揭开；揭露	a2
напарник	搭档	b1
найтись	找到；想出办法	a2
выпивка	酒；酒类（口语）	a2
тянуть	拉；拖	a2
голый	裸体的	a2
пляж	海滩	a1
священник	神父；牧师	b1
превратиться	变成	b1
спасение	拯救；解救	b1
горло	喉咙	a2
могила	坟墓	b1
шляпа	帽子	a2
доверие	信任	b1
рынок	市场	a2
исключение	例外	b1
ставка	赌注；利率；岗位	b1
пресса	新闻界；报刊	b1
поискать	找一找	a2
угу	嗯（口语应答）	a1
синий	蓝色的	a1
телефонный	电话的	a2
псих	疯子（口语）	b1
лорд	勋爵；贵族	b2
сменить	更换；换下	a2
охранник	保安；警卫	a2
поторопиться	赶快；抓紧	b1
интервью	采访；面试	b1
учёный	学者；科学家	b1
определённый	一定的；特定的	b1
двойной	双重的；加倍的	b1
пост	岗位；哨所；职位	b1
организация	组织；机构	b1
одолжение	帮忙；恩惠	b1
удивить	使惊讶	a2
пицца	披萨	a1
присяжный	陪审员	b2
изменение	变化；改变	a2
объявить	宣布	a2
во-первых	首先	a2
студент	大学生	a1
пёс	公狗	a2
продолжаться	继续	a2
воскресение	星期天	a1
житель	居民	a2
божий	上帝的	b1
передача	节目；传递；挡位	a2
реклама	广告	a2
очнуться	苏醒；恢复知觉	b1
королевский	国王的；皇家的	a2
среда	星期三	a1
охота	打猎；狩猎	a2
ура	乌拉；好哇	a1
необходимость	必要性；需要	b1
волна	波浪	a2
вкусно	好吃；美味	a1
забавный	有趣的；好笑的	a2
ферма	农场	b1
записка	便条；字条	a2
край	边缘；边区	a2
север	北方	a1
гений	天才	b1
министр	部长	b1
крыса	老鼠	a2
гореть	燃烧	a2
поделиться	分享	b1
оказать	给予；施加	b1
создание	创造；生物；作品	b1
обязанность	义务；职责	b1
прибыль	利润；收益	b1
основное	要点；主要内容	b1
менеджер	经理；管理人员	a2
вынести	拿出；忍受	b1
губа	嘴唇	a2
водить	驾驶；带领（不定向）	a2
мешок	袋子	a2
хлеб	面包	a1
медсестра	护士	a2
поделать	做一做；能怎么办（口语）	b1
глубоко	深；深深地	a2
сзади	在后面	a2
мальчишка	男孩；小子	a2
прикрытие	掩护；掩盖	b2
март	三月	a1
возникнуть	出现；产生	b1
картер	-	drop:专名
обойтись	对付过去；不用	b1
еврей	犹太人	a2
одиночество	孤独	b1
фил	-	drop:专名
позади	在后面；过去	a2
идеально	完美地	a2
забота	关心；操心的事	a2
экзамен	考试	a2
дружба	友谊	a2
зарабатывать	挣钱；赚得	a2
игрушка	玩具	a1
пятый	第五	a1
шевелиться	动；动弹	a2
убегать	逃跑（不定向）	a1
превратить	把…变成	b1
испугаться	害怕；受惊	a1
файл	文件	a2
гулять	散步；玩	a1
повредить	损坏；弄伤	a2
подвал	地下室	b1
передавать	转交；转达；播送	a2
степень	程度；度	b1
убитый	被打死的；疲惫不堪的	b1
городской	城市的	a2
невинный	无辜的；天真的	b1
соединить	连接；接通	b1
необычный	不寻常的	a2
оказываться	（原来）是；竟然	a2
средний	中间的；平均的	a2
реакция	反应	a2
наказание	惩罚	b1
пацан	小伙子；男孩（口语）	a1
заменить	替换	a2
сбить	打落；撞倒	a2
ограбление	抢劫	b1
прыгать	跳	a1
хан	可汗；汗	b2
переспать	同床；过夜（粗俗口语）	b1
древний	古代的；古老的	a2
приглашение	邀请	a2
урод	丑八怪；畸形（骂）	b1
кресло	扶手椅	a1
сыр	奶酪	a1
федеральный	联邦的	b1
субтитр	字幕	b1
награда	奖励；奖章	b1
останавливаться	停下	a2
понедельник	星期一	a1
одиночка	单身者；独行侠	b1
удивительный	令人惊讶的	a2
океан	海洋	a1
основание	基础；根据；成立	b1
разбудить	叫醒	a2
квартал	街区；季度	b1
уладить	解决好；调解好	b1
обвинить	指控；指责	b1
предмет	物品；科目	a2
поступок	行为；举动	b1
истинный	真正的	b2
избежать	避免	b1
сенатор	参议员	b1
заглянуть	顺便看看；看一眼	a2
приглашать	邀请	a2
футбол	足球	a1
актёр	演员	a2
заказ	订购；订单	a2
определить	确定；判定	b1
поднимать	举起；抬起	a2
приступ	（疾病）发作	b2
должность	职位	b1
торт	蛋糕	a1
посылать	寄；派	a2
впечатление	印象	b1
попрощаться	告别	a2
доля	份额；命运	b1
двигатель	发动机	b1
мировой	世界的	b1
мина	地雷；（脸上的）表情	b1
дин	-	drop:专名噪声
ммм	-	drop:噪声
сучка	-	drop:粗俗
жопа	-	drop:粗俗
старое	-	drop:变体
